Liquidity Quantile,Mean Loser,Mean Winner,Mean Spread (L-W),t-stat,p-value,Obs
I1 (Liquid),0.005484023473747105,-0.0014960442166741894,0.006980067690421295,4.808484216262717,1.7935628716146924e-06,865
I2,0.007117795434277162,0.010007937277392217,-0.0028901418431150554,-1.4074133679926593,0.1596653293610289,863
I3,0.011199029943564262,-0.0017009355395830078,0.012899965483147273,6.559492482311115,9.3003101794406e-11,863
I4,0.016396972931669106,-0.01136949085690898,0.027766463788578093,14.460143034611256,1.3933147833234938e-42,861
I5 (Illiquid),0.012885269211503103,-0.016466999929874358,0.029352269141377466,6.539442884375633,3.5430394464060605e-10,247
